Category,Description,Examples
Accounting Software,Apps to manage personal finances,QuickBooks, FreshBooks, Wave
Book Tracking Apps,Apps to catalog and track reading progress,Goodreads, Libby, Bookly
Budgeting Tools,Apps to plan and manage personal budgets,YNAB, Mint, PocketGuard
Calendar & Scheduling Tools,Apps to manage appointments and organize schedules,Google Calendar, Microsoft Outlook, Apple Calendar
Cloud Storage,Services for storing files and documents online,Google Drive, Dropbox, OneDrive
Collaboration Tools,Apps used for sharing and collaborating with friends or family,Slack, Trello, Google Workspace
Data Backup Tools,Apps for backing up personal files and data,Backblaze, iDrive, Carbonite
Digital Art Tools,Apps for creating digital paintings and drawings,Procreate, Adobe Fresco, SketchBook
Document Management,Tools for organizing and managing personal documents,Dropbox Paper, Google Docs, Zoho Writer
Email Management Tools,Apps for managing email inboxes and increasing productivity,Newton Mail, Spark, Clean Email
Entertainment Streaming,Apps for streaming movies, TV shows, and other video content,Netflix, Hulu, Disney+
File Compression Tools,Apps to compress or decompress files and folders,WinRAR, 7-Zip, PeaZip
Fitness Tracking Apps,Tools to track fitness activities, health metrics, and workout plans,MyFitnessPal, Fitbit, Apple Fitness
Gaming Platforms,Apps to purchase, organize, and play games,Steam, Epic Games Store, GOG
Habit Tracking Apps,Apps for building and tracking new habits,Habitica, Streaks, Fabulous
Health & Wellness,Tools for managing mental and physical health,Headspace, Calm, MyFitnessPal
Home Inventory Tools,Apps to organize and track household items,Sortly, Magic Home Inventory, Nest Egg
Home Security Apps,Tools for monitoring home security and connected devices,Ring, SimpliSafe, Wyze
Image Editing Tools,Apps for editing photos and images,Adobe Photoshop, GIMP, Snapseed
Language Learning,Apps to learn and practice new languages,DuoLingo, Babbel, Rosetta Stone
Location Sharing,Tools for sharing real-time locations with friends and family,Life360, Glympse, Google Maps
Meal Planning Apps,Tools to plan, organize, and store meal plans,Paprika, Mealime, Yummly
Meditation & Relaxation,Apps to help meditate, relax, and de-stress,Calm, Headspace, Insight Timer
Music Streaming Services,Apps for listening to music on demand,Spotify, Apple Music, Tidal
Note-Taking Apps,Apps for creating, storing and editing text notes,Evernote, Notion, OneNote
Password Managers,Tools to securely manage and store passwords,LastPass, 1Password, Bitwarden
Personal CRM,Apps to manage and organize personal contacts,Fabriq, Monica, Cloze
Photo Storage Tools,Services for storing, organizing, and sharing photos,Google Photos, iCloud Photos, Flickr
Podcast Players,Apps to play and manage podcast subscriptions,Apple Podcasts, Pocket Casts, Spotify
Presentation Tools,Tools for creating and delivering presentations,Microsoft PowerPoint, Google Slides, Canva
Privacy Protection Tools,Apps to protect personal privacy and secure communications,ProtonMail, Signal, DuckDuckGo
Project Management,Tools to organize and track personal projects,Trello, Asana, Todoist
Reading Apps,Apps for reading e-books and magazines,Kindle, Apple Books, Google Play Books
Remote Control Tools,Tools to remotely control or access computers and devices,TeamViewer, AnyDesk, Chrome Remote Desktop
Self-Improvement Tools,Apps to aid in personal development and productivity,Coach.me, Fabulous, Lumosity
Sleep Tracking Apps,Tools for tracking sleep patterns and analyzing sleep quality,Sleep Cycle, Pillow, Fitbit
Smart Home Control,Tools for managing smart home devices,Google Home, Amazon Alexa, SmartThings
Social Media,Platforms for sharing content and communicating with others,Facebook, Instagram, Twitter
Stock & Investment Apps,Tools for managing personal investments,Robinhood, Acorns, eToro
Streaming Music,Services for streaming music and creating playlists,Spotify, Apple Music, Deezer
Task Management Tools,Apps for managing to-do lists and tracking tasks,Todoist, Microsoft To Do, Any.do
Travel Planning Tools,Apps for planning and organizing trips and vacations,TripIt, Roadtrippers, Hopper
TV Show Tracking Tools,Apps for tracking watched TV shows and finding new ones,Trakt, TV Time, SeriesGuide
Video Conferencing,Tools for video chatting with friends and family,Zoom, Skype, Google Meet
Video Editing Software,Apps for creating and editing video content,Adobe Premiere Pro, iMovie, DaVinci Resolve
Virtual Reality Platforms,Apps for experiencing virtual environments,Oculus, Steam VR, Viveport
Voice Assistants,Apps that use voice commands to perform tasks,Siri, Alexa, Google Assistant
VPN Services,Tools for securely browsing the internet and protecting privacy,NordVPN, ExpressVPN, Surfshark
Weather Apps,Apps to check current weather conditions and forecasts,AccuWeather, The Weather Channel, Dark Sky
Writing Tools,Apps for writing and editing documents and stories,Scrivener, Grammarly, Ulysses
